0,the Vitamin Shoppe," Ultimate Women Multivitamin & Multimineral - Energy Production, Stress & Immune Support (180 Tablets) ",$26.99,
1,the Vitamin Shoppe," Ultimate Woman 50+ Multivitamin & Multimineral - Energy Production, Stress & Cardiovascular Health (180 Tablets) ",$26.99,
2,Natures Way, Alive! Once Daily Women's 50+ Multivitamin - Ultra Potency (60 Tablets) ,$22.99,$13.37
3,Olly, Women's Gummy Multivitamin - Berry (90 Gummies) ,$14.99,$13.66
4,the Vitamin Shoppe," Ultimate Woman Gold Multivitamin & Multimineral - Energy Production, Stress & Immune Support (180 Tablets) ",$45.99,
5,the Vitamin Shoppe, Women's Multi Gummies - Multivitamin for Energy Production Support - Assorted Fruit Mix (120 Gummies) ,$19.99,
6,Garden of Life, mykind Organics Whole Food Multivitamin for Women - Once Daily (60 Vegan Tablets) ,$41.99,
7,Garden of Life, Vitamin Code Raw Whole Food Multivitamin for Women 50 & Wiser (240 Vegetarian Capsules) ,$69.99,$57.39
8,the Vitamin Shoppe," Ultimate Women Multivitamin & Multimineral - Energy Production, Stress & Immune Support (90 Tablets) ",$18.99,
9,Rainbow Light Nutritional Systems, Women's One Multivitamin with Probiotics - Once Daily (120 Tablets) ,$39.99,$37.12
10,Garden of Life, Vitamin Code Raw Whole Food Multivitamin for Women - Once Daily (75 Vegetarian Capsules) ,$36.99,$28.69
11,Garden of Life, mykind Organics Whole Food Gummy Multivitamin for Women - Organic Berry (120 Vegan Gummies) ,$29.99,$25.19
12,Vthrive," Bioactive Multivitamin for Women 45+ Once Daily - Supports Stress, Healthy Aging (60 Vegetarian Capsules) ",$34.99,$27.99
13,the Vitamin Shoppe, One Daily Women's Iron Free Multivitamin & Multimineral with Vitamin D3 (180 Tablets) ,$29.99,
14,the Vitamin Shoppe, One Daily Women's Multivitamin & Multimineral with Vitamin D3 (180 Tablets) ,$29.99,
15,Garden of Life, Vitamin Code Raw Whole Food Multivitamin for Women (240 Vegetarian Capsules) ,$69.99,$57.39
16,the Vitamin Shoppe, Ultimate Woman 50+ Multivitamin & Multimineral - High Potency (90 Tablets) ,$18.99,
17,Garden of Life, mykind Organics Whole Food Multivitamin for Women 40+ (120 Vegan Tablets) ,$62.99,$60.89
18,Megafood, Multivitamin for Women Over 40+ - Once Daily (90 Tablets) ,$59.99,$51.13
19,the Vitamin Shoppe, One Daily Women's 50+ Multivitamin & Multimineral - Energy Production & Cardiovascular Health - Iron Free (60 Tablets) ,$16.99,
